threshold,accuracy,precision,recall,f1_score,specificity,false_positive_rate,true_negatives,false_positives,false_negatives,true_positives
0.3,0.71,0.4423076923076923,1.0,0.6133333333333333,0.6233766233766234,0.37662337662337664,48,29,0,23
0.35,0.71,0.4423076923076923,1.0,0.6133333333333333,0.6233766233766234,0.37662337662337664,48,29,0,23
0.4,0.74,0.46938775510204084,1.0,0.6388888888888888,0.6623376623376623,0.33766233766233766,51,26,0,23
0.45,0.76,0.4888888888888889,0.9565217391304348,0.6470588235294118,0.7012987012987013,0.2987012987012987,54,23,1,22
0.5,0.78,0.5116279069767442,0.9565217391304348,0.6666666666666666,0.7272727272727273,0.2727272727272727,56,21,1,22
0.55,0.78,0.5116279069767442,0.9565217391304348,0.6666666666666666,0.7272727272727273,0.2727272727272727,56,21,1,22
0.6,0.79,0.5238095238095238,0.9565217391304348,0.676923076923077,0.7402597402597403,0.2597402597402597,57,20,1,22
0.65,0.79,0.5238095238095238,0.9565217391304348,0.676923076923077,0.7402597402597403,0.2597402597402597,57,20,1,22
0.7,0.79,0.5238095238095238,0.9565217391304348,0.676923076923077,0.7402597402597403,0.2597402597402597,57,20,1,22
0.75,0.81,0.55,0.9565217391304348,0.6984126984126984,0.7662337662337663,0.23376623376623376,59,18,1,22
0.8,0.81,0.55,0.9565217391304348,0.6984126984126984,0.7662337662337663,0.23376623376623376,59,18,1,22
0.85,0.84,0.6,0.9130434782608695,0.7241379310344828,0.8181818181818182,0.18181818181818182,63,14,2,21
0.9,0.87,0.6666666666666666,0.8695652173913043,0.7547169811320755,0.8701298701298701,0.12987012987012986,67,10,3,20
